,fcst_precip_mm,fcst_temp_c,fcst_mslp_hpa,wind_speed_10m,precip_forecast_jump,temp_forecast_jump,lead_day,latitude,longitude
fcst_precip_mm,1.0,-0.07012818187168081,-0.09342353320255092,-0.001977078613394045,0.34273123209264417,-0.08417490648120164,-0.005353992540911508,-0.01535872337407635,0.23970099966005848
fcst_temp_c,-0.07012818187168081,1.0,-0.7304254350328708,0.3890452490992583,-0.009956692484931515,0.03413273731358392,-0.006534777700614625,-0.37437669383787,-0.23897483500014785
fcst_mslp_hpa,-0.09342353320255092,-0.7304254350328708,1.0,-0.20986434681678043,-0.011670710595049507,-0.0032952289042981033,0.021154479230154302,-0.05678490594017859,0.20136172192360108
wind_speed_10m,-0.001977078613394045,0.3890452490992583,-0.20986434681678043,1.0,0.021426396765445003,0.006217271981096469,-0.008106817604422783,-0.5324849064010184,-0.23932285040679513
precip_forecast_jump,0.34273123209264417,-0.009956692484931515,-0.011670710595049507,0.021426396765445003,1.0,-0.27118869869014517,-0.0021643021693210987,-0.0034944171491588668,-0.010166472854487726
temp_forecast_jump,-0.08417490648120164,0.03413273731358392,-0.0032952289042981033,0.006217271981096469,-0.27118869869014517,1.0,0.02593699241704274,-0.014907397024149597,0.01370016458751646
lead_day,-0.005353992540911508,-0.006534777700614625,0.021154479230154302,-0.008106817604422783,-0.0021643021693210987,0.02593699241704274,1.0,2.7976730504539544e-17,6.110899420225168e-16
latitude,-0.01535872337407635,-0.37437669383787,-0.05678490594017859,-0.5324849064010184,-0.0034944171491588668,-0.014907397024149597,2.7976730504539544e-17,1.0,0.0004737695608771971
longitude,0.23970099966005848,-0.23897483500014785,0.20136172192360108,-0.23932285040679513,-0.010166472854487726,0.01370016458751646,6.110899420225168e-16,0.0004737695608771971,1.0
