spatial,temporal,n_ok,roc_auc_rain,corr_precip_error,elapsed_s
same_region,none,1512,0.643146713193411,0.4148194307807508,76.45193338394165
same_region,exact_month,1147,0.789103690685413,0.4576536708512985,71.38468408584595
same_region,jjas,1511,0.6422666118927801,0.4158948429913577,101.60939455032349
nearby,none,1570,0.5895176848874598,0.40216631115906387,130.73049783706665
nearby,exact_month,1253,0.7109186140209509,0.4429387071946983,106.1315770149231
nearby,jjas,1567,0.5891752577319588,0.4019261141196258,174.17071342468262
india_wide,none,1577,0.5875373452838242,0.4089825105918918,312.42119002342224
india_wide,exact_month,1265,0.7094972067039106,0.4575531658653039,345.23597288131714
india_wide,jjas,1572,0.5873902804538643,0.4084161384590622,757.4409773349762
