lead_day,n_samples,bust_rate,precip_bust_rate,temp_bust_rate,heavy_rain_miss_rate,heavy_rain_false_alarm_rate
1,685152,0.2583,0.0985,0.096,0.0013,0.0021
2,685152,0.2578,0.0983,0.0969,0.0018,0.0027
3,685152,0.2565,0.098,0.097,0.002,0.003
4,685152,0.2552,0.0978,0.0979,0.0022,0.0033
5,685152,0.2539,0.098,0.0993,0.0023,0.0035
6,685152,0.2539,0.0982,0.1019,0.0023,0.0036
7,685152,0.2555,0.0985,0.105,0.0024,0.0038
8,685152,0.2619,0.0987,0.1144,0.0025,0.0037
9,685152,0.2733,0.0998,0.1293,0.0025,0.0035
10,685152,0.2845,0.0999,0.1442,0.0026,0.0036
