lead_day,n_samples,mae_precip_mm,rmse_precip_mm,bias_precip_mm,median_abs_error_precip_mm,mae_temp_c,rmse_temp_c,bias_temp_c,median_abs_error_temp_c,mae_mslp_hpa,rmse_mslp_hpa,bias_mslp_hpa,median_abs_error_mslp_hpa,bust_rate,heavy_rain_miss_rate,heavy_rain_false_alarm_rate
1,685152,2.0386,4.6241,0.1022,0.6143,1.016,1.3581,-0.6296,0.748,0.5325,0.7342,-0.0803,0.3995,0.2583,0.0013,0.0021
2,685152,2.6322,5.9247,0.283,0.8223,1.0571,1.4095,-0.5851,0.7875,0.6411,0.8914,-0.0602,0.4734,0.2578,0.0018,0.0027
3,685152,3.0956,6.9196,0.3474,0.9969,1.0919,1.4591,-0.5386,0.8158,0.7606,1.0515,-0.1469,0.5627,0.2565,0.002,0.003
4,685152,3.3785,7.5975,0.2649,1.0951,1.13,1.518,-0.5007,0.8395,0.8809,1.2201,-0.2199,0.6459,0.2552,0.0022,0.0033
5,685152,3.5843,8.0254,0.1756,1.1693,1.18,1.5973,-0.4807,0.8701,1.0061,1.4018,-0.2453,0.7302,0.2539,0.0023,0.0035
6,685152,3.7957,8.3987,0.1672,1.2635,1.2354,1.6832,-0.4664,0.904,1.1342,1.5924,-0.2147,0.808,0.2539,0.0023,0.0036
7,685152,3.9691,8.754,0.1483,1.3465,1.2927,1.7795,-0.4542,0.9325,1.2876,1.823,-0.1839,0.9062,0.2555,0.0024,0.0038
8,685152,4.1184,9.0172,0.1004,1.4257,1.362,1.8947,-0.4467,0.9677,1.4487,2.071,-0.1595,1.0101,0.2619,0.0025,0.0037
9,685152,4.2705,9.1924,0.0526,1.5185,1.4335,2.0146,-0.448,1.0025,1.6034,2.3013,-0.1823,1.1142,0.2733,0.0025,0.0035
10,685152,4.4177,9.3624,0.0821,1.6039,1.5083,2.1365,-0.4468,1.0394,1.7614,2.535,-0.167,1.2124,0.2845,0.0026,0.0036
