lead_day,target,n,prevalence,roc_auc,pr_auc,brier
1,bust_precip_categorical,44652,0.0067,0.9742,0.5138,0.0042
2,bust_precip_categorical,44652,0.0105,0.9411,0.5035,0.0065
3,bust_precip_categorical,44652,0.015,0.923,0.4932,0.0094
4,bust_precip_categorical,44652,0.0187,0.9189,0.4749,0.0118
5,bust_precip_categorical,44652,0.0226,0.9105,0.4838,0.0143
6,bust_precip_categorical,44652,0.024,0.8963,0.4597,0.0159
7,bust_precip_categorical,44652,0.0279,0.8959,0.4475,0.0188
8,bust_precip_categorical,44652,0.0304,0.8883,0.4386,0.0211
9,bust_precip_categorical,44652,0.0339,0.8801,0.4093,0.0244
10,bust_precip_categorical,44652,0.0365,0.8706,0.4062,0.0264
1,bust_temp_hard,44652,0.0363,0.8391,0.1686,0.0327
2,bust_temp_hard,44652,0.0437,0.8282,0.1876,0.0388
3,bust_temp_hard,44652,0.0497,0.8221,0.1982,0.0437
4,bust_temp_hard,44652,0.0555,0.8121,0.1898,0.049
5,bust_temp_hard,44652,0.0645,0.8014,0.2101,0.0561
6,bust_temp_hard,44652,0.0733,0.797,0.2169,0.0632
7,bust_temp_hard,44652,0.0819,0.789,0.2299,0.0699
8,bust_temp_hard,44652,0.0929,0.7877,0.2455,0.0777
9,bust_temp_hard,44652,0.1052,0.7917,0.2826,0.0846
10,bust_temp_hard,44652,0.1142,0.7797,0.2762,0.092
