region_v2,target,n,prevalence,roc_auc,pr_auc,brier
Andaman and Nicobar,bust_precip_categorical,21960,0.0094,0.8789,0.1251,0.0087
Andhra Pradesh,bust_precip_categorical,31720,0.0183,0.8214,0.1666,0.0166
Arunachal Pradesh,bust_precip_categorical,24400,0.0244,0.9769,0.825,0.0069
Assam,bust_precip_categorical,9760,0.0388,0.9719,0.7746,0.0116
Bihar,bust_precip_categorical,14640,0.022,0.9274,0.6006,0.0125
Chhattisgarh,bust_precip_categorical,12200,0.0486,0.8531,0.3236,0.0375
Goa,bust_precip_categorical,2440,0.0287,0.9261,0.3743,0.022
Gujarat,bust_precip_categorical,26840,0.0335,0.8757,0.4042,0.0248
Haryana,bust_precip_categorical,4880,0.0232,0.9223,0.5564,0.0144
Himachal Pradesh,bust_precip_categorical,7320,0.0087,0.9396,0.4745,0.0059
Jammu and Kashmir,bust_precip_categorical,24400,0.0067,0.9756,0.6157,0.0037
Jharkhand,bust_precip_categorical,9760,0.0272,0.9039,0.5316,0.016
Karnataka,bust_precip_categorical,19520,0.0153,0.8417,0.3073,0.0116
Kerala,bust_precip_categorical,7320,0.0097,0.9153,0.1775,0.0093
Lakshadweep,bust_precip_categorical,9760,0.0115,0.8536,0.0638,0.011
Madhya Pradesh,bust_precip_categorical,29280,0.0426,0.9088,0.4889,0.0288
Maharashtra,bust_precip_categorical,31720,0.0326,0.9056,0.4553,0.0218
Manipur,bust_precip_categorical,4880,0.0053,0.8854,0.1585,0.0047
Meghalaya,bust_precip_categorical,4880,0.0266,0.9169,0.6815,0.0103
Mizoram,bust_precip_categorical,4880,0.0127,0.9731,0.7926,0.004
Odisha,bust_precip_categorical,17080,0.0336,0.8709,0.2774,0.0274
Punjab,bust_precip_categorical,4880,0.0199,0.855,0.2776,0.0167
Rajasthan,bust_precip_categorical,41480,0.014,0.9316,0.4356,0.0101
Sikkim,bust_precip_categorical,2440,0.0049,0.87,0.0445,0.0049
Tamil Nadu,bust_precip_categorical,19520,0.0053,0.79,0.0898,0.005
Tripura,bust_precip_categorical,4880,0.023,0.9491,0.6267,0.0121
Uttar Pradesh,bust_precip_categorical,29280,0.0302,0.9009,0.4717,0.0208
Uttarakhand,bust_precip_categorical,9760,0.022,0.8545,0.386,0.0161
West Bengal,bust_precip_categorical,14640,0.0194,0.9435,0.5373,0.0114
Andaman and Nicobar,bust_temp_hard,21960,0.0,,0.0,0.0
Andhra Pradesh,bust_temp_hard,31720,0.067,0.8386,0.2543,0.0568
Arunachal Pradesh,bust_temp_hard,24400,0.0514,0.7963,0.1705,0.047
Assam,bust_temp_hard,9760,0.0574,0.7987,0.1613,0.0539
Bihar,bust_temp_hard,14640,0.0705,0.6732,0.1266,0.0656
Chhattisgarh,bust_temp_hard,12200,0.117,0.7196,0.2389,0.0978
Goa,bust_temp_hard,2440,0.0,,0.0,0.0
Gujarat,bust_temp_hard,26840,0.0334,0.9019,0.2203,0.0289
Haryana,bust_temp_hard,4880,0.1129,0.6632,0.2095,0.0997
Himachal Pradesh,bust_temp_hard,7320,0.0859,0.7594,0.2337,0.0729
Jammu and Kashmir,bust_temp_hard,24400,0.1624,0.702,0.2845,0.1272
Jharkhand,bust_temp_hard,9760,0.0483,0.7541,0.1277,0.0461
Karnataka,bust_temp_hard,19520,0.0663,0.81,0.2627,0.0559
Kerala,bust_temp_hard,7320,0.0072,0.8886,0.1249,0.0068
Lakshadweep,bust_temp_hard,9760,0.0,,0.0,0.0
Madhya Pradesh,bust_temp_hard,29280,0.1075,0.7122,0.2339,0.0906
Maharashtra,bust_temp_hard,31720,0.0646,0.8075,0.2106,0.0572
Manipur,bust_temp_hard,4880,0.142,0.8183,0.3443,0.1068
Meghalaya,bust_temp_hard,4880,0.0982,0.709,0.1614,0.0887
Mizoram,bust_temp_hard,4880,0.1605,0.8224,0.3719,0.1132
Odisha,bust_temp_hard,17080,0.0489,0.7994,0.1704,0.0433
Punjab,bust_temp_hard,4880,0.0949,0.7511,0.2349,0.08
Rajasthan,bust_temp_hard,41480,0.0961,0.7482,0.2319,0.0816
Sikkim,bust_temp_hard,2440,0.073,0.7606,0.1996,0.064
Tamil Nadu,bust_temp_hard,19520,0.0251,0.9276,0.2575,0.0211
Tripura,bust_temp_hard,4880,0.05,0.8838,0.2147,0.0425
Uttar Pradesh,bust_temp_hard,29280,0.1024,0.7493,0.2561,0.0852
Uttarakhand,bust_temp_hard,9760,0.0685,0.7872,0.2395,0.0592
West Bengal,bust_temp_hard,14640,0.0518,0.8059,0.171,0.0465
