region,n_grid_points,n_via_state_polygon,n_via_near_border_fallback,note
Rajasthan,17,12,5,
Maharashtra,13,12,1,
Andhra Pradesh,13,10,3,includes present-day Telangana (2014 split not in this boundary source)
Madhya Pradesh,12,12,0,
Uttar Pradesh,12,10,2,
Gujarat,11,8,3,
Arunachal Pradesh,10,3,7,
Jammu and Kashmir,10,5,5,includes present-day Ladakh (2019 split not in this boundary source)
Andaman and Nicobar,9,2,7,
Karnataka,8,8,0,
Tamil Nadu,8,5,3,
Odisha,7,5,2,
Bihar,6,3,3,
West Bengal,6,5,1,
Chhattisgarh,5,5,0,
Uttarakhand,4,2,2,
Jharkhand,4,4,0,
Assam,4,2,2,
Lakshadweep,4,0,4,
Himachal Pradesh,3,3,0,
Kerala,3,1,2,
Mizoram,2,2,0,
Haryana,2,2,0,
Manipur,2,1,1,
Meghalaya,2,2,0,
Tripura,2,1,1,
Punjab,2,2,0,
Goa,1,0,1,
Sikkim,1,0,1,
