model,target,n,prevalence,roc_auc,pr_auc,brier_score,brier_skill_score,precision,recall,f1,false_alarm_rate,miss_rate,n_features,best_iteration
Model0_HistoricalBaseline,bust_precip_categorical,446520,0.0226081698468153,0.6488173330050095,0.0390075056745588,0.0222184719080728,-0.0039991730189248,0.0358593513185813,0.5859336305101536,0.0675826216115856,0.3644039640258922,0.4140663694898465,,
Model1_LeadLocationMonth,bust_precip_categorical,446520,0.0226081698468153,0.6940645698935668,0.0466931951442912,0.0220568958169351,0.0033020609522094,0.0396364602307225,0.6208023774145617,0.0745153293263657,0.3479291974566076,0.3791976225854383,5.0,96.0
Model2_ForecastState,bust_precip_categorical,446520,0.0226081698468153,0.9172190122688216,0.4554839327691771,0.0153080776660967,0.3082648806425632,0.1023907706819198,0.8387320455671124,0.1825020476785791,0.1700773328750644,0.1612679544328875,8.0,101.0
Model3_RunToRunJump,bust_precip_categorical,446520,0.0226081698468153,0.920283368036874,0.4583850452506396,0.0152699554130144,0.3099875333401313,0.1053726731291584,0.837741456166419,0.1871990968755879,0.1645208225926562,0.162258543833581,10.0,116.0
Model4_HistoricalStats,bust_precip_categorical,446520,0.0226081698468153,0.913319279186617,0.4582494317691102,0.0153090227383286,0.3082221751071343,0.1046202602717506,0.8306092124814265,0.1858336473039161,0.1644314601592484,0.1693907875185735,14.0,126.0
Model5_SpatialAnomaly_FullPhase2,bust_precip_categorical,446520,0.0226081698468153,0.91350133938389,0.45905017733634,0.0152794902232733,0.3095566782545774,0.1029669696189179,0.8315998018821199,0.1832449304782485,0.1675797674285387,0.1684001981178801,16.0,103.0
Model0_HistoricalBaseline,bust_temp_hard,446520,0.0717302696407775,0.7112356278745823,0.1624747113926677,0.0645733717558815,0.0375948573679283,0.1169908005164622,0.7242186768241281,0.2014407232274284,0.4223879408720575,0.2757813231758718,,
Model1_LeadLocationMonth,bust_temp_hard,446520,0.0717302696407775,0.7522210428561807,0.1827997012223599,0.0635252008440385,0.0532168552361618,0.1275705000255898,0.7782322270442411,0.2192077179127513,0.4112610406498573,0.2217677729557588,5.0,251.0
Model2_ForecastState,bust_temp_hard,446520,0.0717302696407775,0.8081580454358546,0.2259912655338447,0.0608575744433791,0.0929753082455769,0.1552165903594937,0.8076118517593431,0.2603885645258707,0.3396551432962356,0.1923881482406569,8.0,364.0
Model3_RunToRunJump,bust_temp_hard,446520,0.0717302696407775,0.8166413593482239,0.2406135093482352,0.0602798882750691,0.101585175193686,0.1614944862703445,0.8070186393580817,0.2691322546385956,0.3237874887512636,0.1929813606419182,10.0,435.0
Model4_HistoricalStats,bust_temp_hard,446520,0.0717302696407775,0.8075125049605184,0.2344546220595315,0.0606315044141939,0.096344668599026,0.1563708683610097,0.8002747510069,0.2616217650691258,0.3336284744421471,0.1997252489931,14.0,285.0
Model5_SpatialAnomaly_FullPhase2,bust_temp_hard,446520,0.0717302696407775,0.8148204388848701,0.2352191232963683,0.0607060380240941,0.0952338155102624,0.1602490072441839,0.8101408098910362,0.2675713578617389,0.3280529613429483,0.1898591901089637,16.0,392.0
Model6_Atmosphere_Wind,bust_precip_categorical,446520,0.0226081698468153,0.9127993073080752,0.4592116931416385,0.0152825285038866,0.3094193856794729,0.1040409194429579,0.828132738979693,0.1848575977357155,0.1649607607263561,0.171867261020307,17.0,106.0
Model6_Atmosphere_Wind,bust_temp_hard,446520,0.0717302696407775,0.8249680182104191,0.2501289381957565,0.0600762813205841,0.1046197446260033,0.1656948647163243,0.8189141090886384,0.2756218278112292,0.3186269424426586,0.1810858909113615,17.0,499.0
Model5_SpatialAnomaly_pilot_subset,bust_precip_categorical,25620,0.014519906323185013,0.9156948554213173,0.4568341025903402,0.010151913148076484,0.3102691590418003,0.13082901554404144,0.8145161290322581,0.22544642857142858,0.07972908745247148,0.18548387096774194,16.0,
Model7_Ensemble_pilot_subset,bust_precip_categorical,25620,0.014519906323185013,0.9474169997069926,0.44952484903273043,0.01007587810149158,0.3154350539680426,0.14992428066633012,0.7983870967741935,0.2524436889077773,0.06669835234474018,0.20161290322580644,32.0,
Model5_SpatialAnomaly_pilot_subset,bust_temp_hard,25620,0.03368462138953942,0.7401541827817837,0.09376560439263762,0.03269178245416795,0.0015822925961664902,0.08158730158730158,0.5955967555040557,0.14351528689096746,0.23371167750535202,0.4044032444959444,16.0,
Model7_Ensemble_pilot_subset,bust_temp_hard,25620,0.03368462138953942,0.7847431144279757,0.11208044251840898,0.032264814353892564,0.014622037749529082,0.08599846977811783,0.6512166859791425,0.1519329548526629,0.24126509674031588,0.3487833140208575,32.0,
