valid_time,region_v2,latitude,longitude,init_time,lead_day,fcst_precip_mm,fcst_temp_c,bust_precip_categorical,y_prob_lgbm,target,observed_value,confidence,bust_temp_hard
2021-06-21 00:00:00,Chhattisgarh,19.499999999999996,81.0,2021-06-20 00:00:00,1,0.70597786,23.931519,False,0.00251655062253175,bust_precip_categorical,0.90234524,0.9974834493774682,
2021-06-21 00:00:00,Chhattisgarh,19.499999999999996,81.0,2021-06-19 00:00:00,2,0.5117776,23.28601,False,0.004500127324130004,bust_precip_categorical,0.90234524,0.99549987267587,
2021-06-21 00:00:00,Chhattisgarh,19.499999999999996,81.0,2021-06-18 00:00:00,3,0.49212995,23.3544,False,0.008006437364812992,bust_precip_categorical,0.90234524,0.991993562635187,
2021-06-21 00:00:00,Chhattisgarh,19.499999999999996,81.0,2021-06-17 00:00:00,4,0.5685239,23.72229,False,0.021965623205248374,bust_precip_categorical,0.90234524,0.9780343767947516,
2021-06-21 00:00:00,Chhattisgarh,19.499999999999996,81.0,2021-06-16 00:00:00,5,1.3049912,23.373444,False,0.048762161220505966,bust_precip_categorical,0.90234524,0.9512378387794941,
2021-06-21 00:00:00,Chhattisgarh,19.499999999999996,81.0,2021-06-15 00:00:00,6,0.66245425,23.990082,False,0.11396701663254052,bust_precip_categorical,0.90234524,0.8860329833674595,
2021-06-21 00:00:00,Chhattisgarh,19.499999999999996,81.0,2021-06-14 00:00:00,7,9.383427,23.004028,False,0.007106841247141664,bust_precip_categorical,0.90234524,0.9928931587528583,
2021-06-21 00:00:00,Chhattisgarh,19.499999999999996,81.0,2021-06-13 00:00:00,8,9.952427,22.628815,False,0.01788706046762827,bust_precip_categorical,0.90234524,0.9821129395323718,
2021-06-21 00:00:00,Chhattisgarh,19.499999999999996,81.0,2021-06-12 00:00:00,9,64.88538,22.476349,True,0.9260184174488986,bust_precip_categorical,0.90234524,0.07398158255110143,
2021-06-21 00:00:00,Chhattisgarh,19.499999999999996,81.0,2021-06-11 00:00:00,10,10.154711,23.02118,False,0.009660772395781564,bust_precip_categorical,0.90234524,0.9903392276042184,
2021-07-27 00:00:00,Madhya Pradesh,22.5,81.0,2021-07-26 00:00:00,1,3.909879,23.278534,False,0.0016827734311205458,bust_precip_categorical,10.869968,0.9983172265688794,
2021-07-27 00:00:00,Madhya Pradesh,22.5,81.0,2021-07-25 00:00:00,2,4.605836,23.407196,False,0.0028387756684503146,bust_precip_categorical,10.869968,0.9971612243315496,
2021-07-27 00:00:00,Madhya Pradesh,22.5,81.0,2021-07-24 00:00:00,3,5.2495093,23.145294,False,0.007322585656571127,bust_precip_categorical,10.869968,0.9926774143434288,
2021-07-27 00:00:00,Madhya Pradesh,22.5,81.0,2021-07-23 00:00:00,4,21.048117,23.17987,False,0.05440593419807887,bust_precip_categorical,10.869968,0.9455940658019212,
2021-07-27 00:00:00,Madhya Pradesh,22.5,81.0,2021-07-22 00:00:00,5,9.145447,23.395325,False,0.005916462697558405,bust_precip_categorical,10.869968,0.9940835373024416,
2021-07-27 00:00:00,Madhya Pradesh,22.5,81.0,2021-07-21 00:00:00,6,7.833938,23.04364,False,0.008471960632935451,bust_precip_categorical,10.869968,0.9915280393670646,
2021-07-27 00:00:00,Madhya Pradesh,22.5,81.0,2021-07-20 00:00:00,7,20.0834,23.139618,False,0.09199593965501061,bust_precip_categorical,10.869968,0.9080040603449894,
2021-07-27 00:00:00,Madhya Pradesh,22.5,81.0,2021-07-19 00:00:00,8,8.8733225,23.458496,False,0.01545929195862696,bust_precip_categorical,10.869968,0.9845407080413731,
2021-07-27 00:00:00,Madhya Pradesh,22.5,81.0,2021-07-18 00:00:00,9,92.626434,23.082764,True,0.9256467981855144,bust_precip_categorical,10.869968,0.07435320181448557,
2021-07-27 00:00:00,Madhya Pradesh,22.5,81.0,2021-07-17 00:00:00,10,33.34574,23.149963,False,0.11938792411693654,bust_precip_categorical,10.869968,0.8806120758830634,
2021-08-01 12:00:00,Jharkhand,24.0,85.5,2021-07-31 12:00:00,1,3.4105678,28.365997,False,0.001056142548759019,bust_precip_categorical,3.3548298,0.998943857451241,
2021-08-01 12:00:00,Jharkhand,24.0,85.5,2021-07-30 12:00:00,2,2.681968,29.081177,False,0.0026037868995131158,bust_precip_categorical,3.3548298,0.9973962131004869,
2021-08-01 12:00:00,Jharkhand,24.0,85.5,2021-07-29 12:00:00,3,5.705442,27.717682,False,0.0032152760495463427,bust_precip_categorical,3.3548298,0.9967847239504537,
2021-08-01 12:00:00,Jharkhand,24.0,85.5,2021-07-28 12:00:00,4,22.90347,28.375122,False,0.02775274044382266,bust_precip_categorical,3.3548298,0.9722472595561773,
2021-08-01 12:00:00,Jharkhand,24.0,85.5,2021-07-27 12:00:00,5,4.002134,28.41037,False,0.0032031934948451384,bust_precip_categorical,3.3548298,0.9967968065051549,
2021-08-01 12:00:00,Jharkhand,24.0,85.5,2021-07-26 12:00:00,6,1.6178436,28.462158,False,0.21253224904381243,bust_precip_categorical,3.3548298,0.7874677509561876,
2021-08-01 12:00:00,Jharkhand,24.0,85.5,2021-07-25 12:00:00,7,11.802438,27.568085,False,0.007873768467710372,bust_precip_categorical,3.3548298,0.9921262315322896,
2021-08-01 12:00:00,Jharkhand,24.0,85.5,2021-07-24 12:00:00,8,41.036037,25.82306,False,0.08387424057590379,bust_precip_categorical,3.3548298,0.9161257594240962,
2021-08-01 12:00:00,Jharkhand,24.0,85.5,2021-07-23 12:00:00,9,92.803276,26.136322,True,0.927201532444132,bust_precip_categorical,3.3548298,0.07279846755586805,
2021-08-01 12:00:00,Jharkhand,24.0,85.5,2021-07-22 12:00:00,10,19.558138,27.185028,False,0.1002622095399416,bust_precip_categorical,3.3548298,0.8997377904600584,
2021-08-07 00:00:00,Jharkhand,24.0,85.5,2021-08-06 00:00:00,1,6.7058673,24.408264,False,0.0010953416166707376,bust_precip_categorical,5.495202,0.9989046583833293,
2021-08-07 00:00:00,Jharkhand,24.0,85.5,2021-08-05 00:00:00,2,6.474362,24.224274,False,0.00204979967534147,bust_precip_categorical,5.495202,0.9979502003246585,
2021-08-07 00:00:00,Jharkhand,24.0,85.5,2021-08-04 00:00:00,3,9.115341,24.042053,False,0.0024942136264269996,bust_precip_categorical,5.495202,0.997505786373573,
2021-08-07 00:00:00,Jharkhand,24.0,85.5,2021-08-03 00:00:00,4,11.996127,23.911072,False,0.003516641871710684,bust_precip_categorical,5.495202,0.9964833581282894,
2021-08-07 00:00:00,Jharkhand,24.0,85.5,2021-08-02 00:00:00,5,11.117625,23.940094,False,0.004073532758381514,bust_precip_categorical,5.495202,0.9959264672416185,
2021-08-07 00:00:00,Jharkhand,24.0,85.5,2021-08-01 00:00:00,6,11.022217,23.985413,False,0.004134949834660892,bust_precip_categorical,5.495202,0.9958650501653391,
2021-08-07 00:00:00,Jharkhand,24.0,85.5,2021-07-31 00:00:00,7,10.141804,24.040741,False,0.005288180583237476,bust_precip_categorical,5.495202,0.9947118194167626,
2021-08-07 00:00:00,Jharkhand,24.0,85.5,2021-07-30 00:00:00,8,10.321306,23.962524,False,0.010545759081938909,bust_precip_categorical,5.495202,0.9894542409180611,
2021-08-07 00:00:00,Jharkhand,24.0,85.5,2021-07-29 00:00:00,9,66.257484,23.802307,True,0.927201532444132,bust_precip_categorical,5.495202,0.07279846755586805,
2021-08-07 00:00:00,Jharkhand,24.0,85.5,2021-07-28 00:00:00,10,12.485485,24.02536,False,0.005232984521816899,bust_precip_categorical,5.495202,0.9947670154781831,
2021-09-11 12:00:00,Gujarat,24.0,70.49999999999999,2021-09-10 12:00:00,1,24.035435,29.050995,,0.21399275805365908,bust_temp_hard,29.693573,0.7860072419463409,False
2021-09-11 12:00:00,Gujarat,24.0,70.49999999999999,2021-09-09 12:00:00,2,14.430101,30.343384,,0.23173869396749658,bust_temp_hard,29.693573,0.7682613060325034,False
2021-09-11 12:00:00,Gujarat,24.0,70.49999999999999,2021-09-08 12:00:00,3,20.056452,29.259033,,0.21656506339842863,bust_temp_hard,29.693573,0.7834349366015714,False
2021-09-11 12:00:00,Gujarat,24.0,70.49999999999999,2021-09-07 12:00:00,4,47.133488,27.005829,,0.2491477624556913,bust_temp_hard,29.693573,0.7508522375443087,False
2021-09-11 12:00:00,Gujarat,24.0,70.49999999999999,2021-09-06 12:00:00,5,59.663815,26.35852,,0.733815221576015,bust_temp_hard,29.693573,0.266184778423985,True
2021-09-11 12:00:00,Gujarat,24.0,70.49999999999999,2021-09-05 12:00:00,6,13.199783,30.471954,,0.563479341486477,bust_temp_hard,29.693573,0.43652065851352295,False
2021-09-11 12:00:00,Gujarat,24.0,70.49999999999999,2021-09-04 12:00:00,7,2.6634166,31.379547,,0.26558415832677346,bust_temp_hard,29.693573,0.7344158416732265,False
2021-09-11 12:00:00,Gujarat,24.0,70.49999999999999,2021-09-03 12:00:00,8,3.3049333,31.122314,,0.28644682093562146,bust_temp_hard,29.693573,0.7135531790643785,False
2021-09-11 12:00:00,Gujarat,24.0,70.49999999999999,2021-09-02 12:00:00,9,3.6407466,30.130066,,0.5734878377171052,bust_temp_hard,29.693573,0.4265121622828948,False
2021-09-11 12:00:00,Gujarat,24.0,70.49999999999999,2021-09-01 12:00:00,10,1.2223992,31.9841,,0.3189529447369,bust_temp_hard,29.693573,0.6810470552631,False
2021-09-12 12:00:00,Rajasthan,26.999999999999996,69.0,2021-09-11 12:00:00,1,0.034638587,37.390472,,0.01654622685729767,bust_temp_hard,36.66147,0.9834537731427023,False
2021-09-12 12:00:00,Rajasthan,26.999999999999996,69.0,2021-09-10 12:00:00,2,0.27377096,36.636597,,0.08773664767596054,bust_temp_hard,36.66147,0.9122633523240394,False
2021-09-12 12:00:00,Rajasthan,26.999999999999996,69.0,2021-09-09 12:00:00,3,0.026392711,37.869324,,0.024320130221053872,bust_temp_hard,36.66147,0.9756798697789462,False
2021-09-12 12:00:00,Rajasthan,26.999999999999996,69.0,2021-09-08 12:00:00,4,0.039030652,38.39853,,0.038174558845372374,bust_temp_hard,36.66147,0.9618254411546276,False
2021-09-12 12:00:00,Rajasthan,26.999999999999996,69.0,2021-09-07 12:00:00,5,0.1676614,37.96295,,0.08264651467131245,bust_temp_hard,36.66147,0.9173534853286875,False
2021-09-12 12:00:00,Rajasthan,26.999999999999996,69.0,2021-09-06 12:00:00,6,0.09707651,37.89554,,0.09239296888467204,bust_temp_hard,36.66147,0.9076070311153279,False
2021-09-12 12:00:00,Rajasthan,26.999999999999996,69.0,2021-09-05 12:00:00,7,0.061169084,38.269653,,0.10136278707149395,bust_temp_hard,36.66147,0.8986372129285061,False
2021-09-12 12:00:00,Rajasthan,26.999999999999996,69.0,2021-09-04 12:00:00,8,0.036552295,38.29959,,0.07602050464864946,bust_temp_hard,36.66147,0.9239794953513505,False
2021-09-12 12:00:00,Rajasthan,26.999999999999996,69.0,2021-09-03 12:00:00,9,0.08749351,38.392242,,0.2635319720973591,bust_temp_hard,36.66147,0.7364680279026409,False
2021-09-12 12:00:00,Rajasthan,26.999999999999996,69.0,2021-09-02 12:00:00,10,6.013661,31.98639,,0.7362593934912172,bust_temp_hard,36.66147,0.26374060650878284,True
2021-09-19 00:00:00,Maharashtra,20.999999999999993,78.0,2021-09-18 00:00:00,1,0.24580985,22.31607,,0.25591974505719656,bust_temp_hard,25.20465,0.7440802549428034,False
2021-09-19 00:00:00,Maharashtra,20.999999999999993,78.0,2021-09-17 00:00:00,2,0.24622352,22.961945,,0.38969607301180914,bust_temp_hard,25.20465,0.6103039269881909,False
2021-09-19 00:00:00,Maharashtra,20.999999999999993,78.0,2021-09-16 00:00:00,3,0.5643629,23.044952,,0.26634445795664463,bust_temp_hard,25.20465,0.7336555420433554,False
2021-09-19 00:00:00,Maharashtra,20.999999999999993,78.0,2021-09-15 00:00:00,4,0.18251449,23.321838,,0.5338415738930092,bust_temp_hard,25.20465,0.46615842610699076,False
2021-09-19 00:00:00,Maharashtra,20.999999999999993,78.0,2021-09-14 00:00:00,5,0.4189408,23.249786,,0.33956249941145455,bust_temp_hard,25.20465,0.6604375005885454,False
2021-09-19 00:00:00,Maharashtra,20.999999999999993,78.0,2021-09-13 00:00:00,6,1.126719,23.615356,,0.11395277988198475,bust_temp_hard,25.20465,0.8860472201180153,False
2021-09-19 00:00:00,Maharashtra,20.999999999999993,78.0,2021-09-12 00:00:00,7,0.21702294,23.004364,,0.2852130312279843,bust_temp_hard,25.20465,0.7147869687720156,False
2021-09-19 00:00:00,Maharashtra,20.999999999999993,78.0,2021-09-11 00:00:00,8,0.0130545655,21.668976,,0.7385553557898056,bust_temp_hard,25.20465,0.2614446442101944,True
2021-09-19 00:00:00,Maharashtra,20.999999999999993,78.0,2021-09-10 00:00:00,9,0.13366888,23.004486,,0.3412372467556576,bust_temp_hard,25.20465,0.6587627532443424,False
2021-09-19 00:00:00,Maharashtra,20.999999999999993,78.0,2021-09-09 00:00:00,10,0.21788312,22.690857,,0.32304062220742363,bust_temp_hard,25.20465,0.6769593777925764,False
2021-10-01 12:00:00,Madhya Pradesh,24.0,74.99999999999999,2021-09-30 12:00:00,1,6.8589125,26.909119,,0.1860147629167764,bust_temp_hard,28.269836,0.8139852370832236,False
2021-10-01 12:00:00,Madhya Pradesh,24.0,74.99999999999999,2021-09-29 12:00:00,2,5.724803,26.717712,,0.30507977615079784,bust_temp_hard,28.269836,0.6949202238492022,False
2021-10-01 12:00:00,Madhya Pradesh,24.0,74.99999999999999,2021-09-28 12:00:00,3,4.580363,27.22934,,0.1477921282140062,bust_temp_hard,28.269836,0.8522078717859938,False
2021-10-01 12:00:00,Madhya Pradesh,24.0,74.99999999999999,2021-09-27 12:00:00,4,10.064161,26.7164,,0.21603464470756154,bust_temp_hard,28.269836,0.7839653552924385,False
2021-10-01 12:00:00,Madhya Pradesh,24.0,74.99999999999999,2021-09-26 12:00:00,5,7.590602,26.669067,,0.17330316706279275,bust_temp_hard,28.269836,0.8266968329372073,False
2021-10-01 12:00:00,Madhya Pradesh,24.0,74.99999999999999,2021-09-25 12:00:00,6,8.467921,25.911682,,0.37211830301795606,bust_temp_hard,28.269836,0.627881696982044,False
2021-10-01 12:00:00,Madhya Pradesh,24.0,74.99999999999999,2021-09-24 12:00:00,7,12.952036,25.998352,,0.3213164499020843,bust_temp_hard,28.269836,0.6786835500979157,False
2021-10-01 12:00:00,Madhya Pradesh,24.0,74.99999999999999,2021-09-23 12:00:00,8,14.552807,25.599731,,0.5167242108935576,bust_temp_hard,28.269836,0.4832757891064424,False
2021-10-01 12:00:00,Madhya Pradesh,24.0,74.99999999999999,2021-09-22 12:00:00,9,12.186517,25.406311,,0.46722396510011344,bust_temp_hard,28.269836,0.5327760348998866,False
2021-10-01 12:00:00,Madhya Pradesh,24.0,74.99999999999999,2021-09-21 12:00:00,10,27.00837,24.799164,,0.7324227021758972,bust_temp_hard,28.269836,0.2675772978241028,True
