feature,gain,split,target
fcst_precip_mm,692909.6174411774,506,bust_precip_categorical
fcst_precip_anomaly_vs_domain_mean,180624.6788253784,235,bust_precip_categorical
hist_bust_precip_categorical_rate,127615.05215835571,193,bust_precip_categorical
region_v2,41734.304765701294,303,bust_precip_categorical
precip_forecast_jump,32115.342126846317,197,bust_precip_categorical
lead_day,28027.420846939087,154,bust_precip_categorical
fcst_mslp_hpa,25439.69546699524,199,bust_precip_categorical
hist_mean_abs_error_precip_mm,23556.529012680054,93,bust_precip_categorical
longitude,16156.281017303469,118,bust_precip_categorical
latitude,11579.91304397583,132,bust_precip_categorical
fcst_temp_anomaly_vs_domain_mean,9155.151752471924,108,bust_precip_categorical
fcst_temp_c,8949.332456588745,101,bust_precip_categorical
month,8076.548194885254,94,bust_precip_categorical
hist_bust_temp_hard_rate,8020.529748916626,60,bust_precip_categorical
hist_mean_abs_error_temp_c,3799.5016899108887,43,bust_precip_categorical
temp_forecast_jump,2981.107912063598,44,bust_precip_categorical
hist_bust_temp_hard_rate,561744.5245656967,500,bust_temp_hard
fcst_temp_c,178128.94994449615,1673,bust_temp_hard
region_v2,155399.1534972191,1314,bust_temp_hard
fcst_temp_anomaly_vs_domain_mean,140214.68171691897,1448,bust_temp_hard
temp_forecast_jump,120971.0666832924,530,bust_temp_hard
longitude,117445.1165933609,1170,bust_temp_hard
latitude,116899.32129859924,1181,bust_temp_hard
fcst_precip_mm,101250.4087524414,985,bust_temp_hard
hist_mean_abs_error_temp_c,91223.75523376463,224,bust_temp_hard
fcst_mslp_hpa,66143.26797294617,950,bust_temp_hard
month,44369.138832092285,630,bust_temp_hard
fcst_precip_anomaly_vs_domain_mean,44247.182475566864,657,bust_temp_hard
hist_mean_abs_error_precip_mm,18055.078936576843,364,bust_temp_hard
lead_day,10944.22186756134,190,bust_temp_hard
precip_forecast_jump,9376.250277042387,235,bust_temp_hard
hist_bust_precip_categorical_rate,9348.399044036863,189,bust_temp_hard
