,fcst_precip_mm,fcst_temp_c,fcst_mslp_hpa,latitude,longitude,fcst_precip_anomaly_vs_domain_mean,fcst_temp_anomaly_vs_domain_mean,lead_day,month,precip_forecast_jump,temp_forecast_jump,hist_bust_precip_categorical_rate,hist_bust_temp_hard_rate,hist_mean_abs_error_precip_mm,hist_mean_abs_error_temp_c
fcst_precip_mm,1.0,-0.06997634254604139,-0.09331392324437522,-0.01661907097755176,0.23333621636781465,0.9952971361732935,-0.0939165045313079,-0.005248551332135335,-0.060520500466243014,0.344296783032089,-0.08516717605079033,0.19447988178594333,-0.11565140328473003,0.3333379273785846,-0.05038199586198146
fcst_temp_c,-0.06997634254604139,1.0,-0.7223311431878943,-0.37424328962764497,-0.2368531032933625,-0.07602726284133428,0.9488118460655562,-0.009029938179726539,-0.13453998617040688,-0.01104108970538687,0.03722942159702447,0.12181538361063367,-0.09137282039165034,0.02965040808372068,-0.16942383518635984
fcst_mslp_hpa,-0.09331392324437522,-0.7223311431878943,1.0,-0.0630493708158722,0.19583057521671404,-0.059197192086394755,-0.6234681701093094,0.027252347670827064,0.36925500412714574,-0.011081770341315744,-0.006432005113406199,-0.28703417797402103,-0.01821034722827001,-0.17729108586837464,-0.04457363627648682
latitude,-0.01661907097755176,-0.37424328962764497,-0.0630493708158722,1.0,0.00047376956087719573,-0.016797379141254908,-0.3902362622102272,-2.5018141990295793e-17,-7.826036412958797e-15,-0.0020025625521858806,-0.014422999854759144,0.04140392281589946,0.4417199651731354,-0.05976981289379599,0.5756508806562767
longitude,0.23333621636781465,-0.2368531032933625,0.19583057521671404,0.00047376956087719573,1.0,0.23583971081107247,-0.246974821677102,6.47875181698232e-16,8.614680595121019e-14,-0.0084722595588169,0.013070559240209834,0.03988621992355496,-0.11921245813597048,0.34466072818026183,-0.05274433088221021
fcst_precip_anomaly_vs_domain_mean,0.9952971361732935,-0.07602726284133428,-0.059197192086394755,-0.016797379141254908,0.23583971081107247,1.0,-0.0899515451291315,0.0010071535129894456,-0.01863236640804584,0.34723568245527103,-0.08597051851642262,0.18222683980177132,-0.09954719305461823,0.319025840252151,-0.03656028540051838
fcst_temp_anomaly_vs_domain_mean,-0.0939165045313079,0.9488118460655562,-0.6234681701093094,-0.3902362622102272,-0.246974821677102,-0.0899515451291315,1.0,-0.0039479877149828065,0.006739566407537174,-0.010172071645929075,0.04381184618487083,0.08271636268940158,-0.057652996297472135,-0.019253504346484804,-0.13940108183561595
lead_day,-0.005248551332135335,-0.009029938179726539,0.027252347670827064,-2.5018141990295793e-17,6.47875181698232e-16,0.0010071535129894456,-0.0039479877149828065,1.0,0.08012441082504282,-0.0034478538560175943,0.026975013354396872,0.448762887369036,0.41270908908645887,0.3471332707572711,0.23150103331093405
month,-0.060520500466243014,-0.13453998617040688,0.36925500412714574,-7.826036412958797e-15,8.614680595121019e-14,-0.01863236640804584,0.006739566407537174,0.08012441082504282,1.0,0.0073562029707367315,0.02554077744936215,-0.14065368086408098,0.1024452386887509,-0.14137790578989917,0.1658642041212832
precip_forecast_jump,0.344296783032089,-0.01104108970538687,-0.011081770341315744,-0.0020025625521858806,-0.0084722595588169,0.34723568245527103,-0.010172071645929075,-0.0034478538560175943,0.0073562029707367315,1.0,-0.27006110927136723,-0.001377987747633634,-0.0009583820346856231,-0.0033273171571428953,0.0013845831597371547
temp_forecast_jump,-0.08516717605079033,0.03722942159702447,-0.006432005113406199,-0.014422999854759144,0.013070559240209834,-0.08597051851642262,0.04381184618487083,0.026975013354396872,0.02554077744936215,-0.27006110927136723,1.0,0.015656936737632875,0.004222345834800614,0.02334886301211236,0.0037580982881897833
hist_bust_precip_categorical_rate,0.19447988178594333,0.12181538361063367,-0.28703417797402103,0.04140392281589946,0.03988621992355496,0.18222683980177132,0.08271636268940158,0.448762887369036,-0.14065368086408098,-0.001377987747633634,0.015656936737632875,1.0,0.05472447095440235,0.8368188871473965,0.09590921838674825
hist_bust_temp_hard_rate,-0.11565140328473003,-0.09137282039165034,-0.01821034722827001,0.4417199651731354,-0.11921245813597048,-0.09954719305461823,-0.057652996297472135,0.41270908908645887,0.1024452386887509,-0.0009583820346856231,0.004222345834800614,0.05472447095440235,1.0,-0.11644127720171561,0.8588538393526555
hist_mean_abs_error_precip_mm,0.3333379273785846,0.02965040808372068,-0.17729108586837464,-0.05976981289379599,0.34466072818026183,0.319025840252151,-0.019253504346484804,0.3471332707572711,-0.14137790578989917,-0.0033273171571428953,0.02334886301211236,0.8368188871473965,-0.11644127720171561,1.0,-0.027093082347551065
hist_mean_abs_error_temp_c,-0.05038199586198146,-0.16942383518635984,-0.04457363627648682,0.5756508806562767,-0.05274433088221021,-0.03656028540051838,-0.13940108183561595,0.23150103331093405,0.1658642041212832,0.0013845831597371547,0.0037580982881897833,0.09590921838674825,0.8588538393526555,-0.027093082347551065,1.0
