lead_day,target,n,prevalence,roc_auc_baseline,pr_auc_baseline,brier_baseline,roc_auc_phase2,pr_auc_phase2,brier_phase2,roc_auc_phase3,pr_auc_phase3,brier_phase3,low_sample_warning
1,bust_precip_categorical,44652,0.006696228612380184,0.6130003912816506,0.009918693169358709,0.006682420149752778,0.9742395061450975,0.5138043018336197,0.004169808102077709,0.9714981593022293,0.4953900513917206,0.004230564284319699,False
2,bust_precip_categorical,44652,0.01054823972050524,0.5979461009913332,0.015122304105122407,0.010519942447583435,0.9411024212260211,0.5034811414022576,0.006460371158956503,0.9382126487877915,0.5100818282147294,0.006488349521475033,False
3,bust_precip_categorical,44652,0.01496013616411359,0.6003007626071974,0.021286187234789887,0.0148546874879796,0.9229640085507413,0.4932090777412511,0.009404456955672649,0.9217302651426867,0.49242323009512345,0.009442854777069229,False
4,bust_precip_categorical,44652,0.018655379378303322,0.5931857441395051,0.02624678783970577,0.01850751698743156,0.9188685903627294,0.4749325963222304,0.01176014845976452,0.9190014900047059,0.4800631823801552,0.011770636250022828,False
5,bust_precip_categorical,44652,0.022574576726686373,0.593184639282041,0.03174643655051013,0.02227889140654627,0.9105137090427164,0.48375212328260214,0.01431616367352533,0.9098227378661116,0.4855277420468029,0.014313894770557568,False
6,bust_precip_categorical,44652,0.024007883185523604,0.5962523888131622,0.03454246353326206,0.023724111231434232,0.8963430823738125,0.45973263329807423,0.015922793396328145,0.8966462861233073,0.461853685881066,0.015914350771740093,False
7,bust_precip_categorical,44652,0.027882289707067992,0.6026626190527078,0.04052768101145308,0.02744436265959045,0.8959420051713756,0.4474512872789493,0.018820719732397233,0.8978600882669989,0.45247079179109917,0.018802164380681434,False
8,bust_precip_categorical,44652,0.03043536683687181,0.5892750965506406,0.04122569961043682,0.02992186749554473,0.888296717744774,0.4385677879847361,0.02107758637579108,0.8873677923382822,0.4385536242675778,0.02101654703692378,False
9,bust_precip_categorical,44652,0.033861865090029565,0.6041051743676916,0.04817394539250189,0.03296978332284128,0.8800669133104229,0.4092749992952365,0.024421012941223695,0.8812483135993798,0.4117763777334085,0.024384999997748624,False
10,bust_precip_categorical,44652,0.03645973304667204,0.6181523134793403,0.05314952442861519,0.03528113589202419,0.87058907125033,0.4061808911830048,0.02641575036733065,0.8703245982700474,0.40542471276180214,0.026460923248328008,False
1,bust_temp_hard,44652,0.036258174325898056,0.7162674989777228,0.08864184059085364,0.03450100898906278,0.8390605242020407,0.16861900815539088,0.032650255095799746,0.857849572243902,0.18743453603236057,0.03213937297433285,False
2,bust_temp_hard,44652,0.04371584699453552,0.6975549727415824,0.08827549014861909,0.04150726171986004,0.8282218981552577,0.18764292328192433,0.03877499784115403,0.8432551853380428,0.20427860153213362,0.03824117988931777,False
3,bust_temp_hard,44652,0.04971781779091642,0.6780471435802318,0.09407208090760995,0.047068969257895464,0.8221400982430394,0.1982402506143804,0.04372361127643512,0.8337044305334746,0.21470239739936314,0.04315021802764295,False
4,bust_temp_hard,44652,0.05547343903968467,0.6716422838783077,0.1014894229230934,0.0521569926724401,0.8120647311519686,0.18980146634014058,0.049042928009556876,0.8252997212768853,0.2088584439475589,0.04835392879233739,False
5,bust_temp_hard,44652,0.06454358147451401,0.6672946360202271,0.11325047966917218,0.06008030584610496,0.8014112426581107,0.2101083193290733,0.056122590154253034,0.812354850602013,0.22693060392556724,0.05543628659533037,False
6,bust_temp_hard,44652,0.07330018812147272,0.6796537040582443,0.13871279835647046,0.06686934322264947,0.7969667608080948,0.21692539395127486,0.06324001683521191,0.8080672334852065,0.23197770338973744,0.06246759620625032,False
7,bust_temp_hard,44652,0.08194481770133477,0.6788720925409866,0.15557408876120735,0.07386932369590614,0.7889873771568342,0.22994561986186796,0.06993987341656975,0.7997876866398117,0.24296117923778374,0.06925414325840819,False
8,bust_temp_hard,44652,0.09289617486338798,0.6855984591733361,0.18248605045716793,0.08177875974238621,0.7876581436008512,0.24550970322172377,0.07766219181687105,0.7949486303815892,0.2566633143103257,0.07708932039759801,False
9,bust_temp_hard,44652,0.10521365224402042,0.6803624402204723,0.1956611825933373,0.09111162075481605,0.7917076833974225,0.28264139368348984,0.08461807806757857,0.8005657762280176,0.2974653776596051,0.0837386802289418,False
10,bust_temp_hard,44652,0.1142390038520111,0.6956479220873596,0.2288431122173511,0.096790131657694,0.7796983896641287,0.2762128485139792,0.09200883459102886,0.7894506865838395,0.2937126587089252,0.09089208683568152,False
