region_v2,target,n,prevalence,roc_auc_baseline,pr_auc_baseline,brier_baseline,roc_auc_phase2,pr_auc_phase2,brier_phase2,roc_auc_phase3,pr_auc_phase3,brier_phase3,low_sample_warning
Arunachal Pradesh,bust_precip_categorical,24400,0.02442622950819672,0.4349856884918106,0.02401897238451676,0.024408476881935457,0.976947222225355,0.8249883299495632,0.006905744518828384,0.9750192850110354,0.8299234643741256,0.006959174599299319,False
Jammu and Kashmir,bust_precip_categorical,24400,0.006680327868852459,0.46114797863936163,0.006616446690850831,0.006668360230052706,0.975554664558649,0.615661484012013,0.0037240131245500243,0.9759763693445427,0.605253519039645,0.0037350742236151326,False
Mizoram,bust_precip_categorical,4880,0.012704918032786885,0.5923820618915625,0.01702703273690763,0.013088509538876011,0.9730613693273878,0.7925945554057077,0.003988653520026543,0.9702945272432679,0.7903729091710172,0.004067362279586893,False
Assam,bust_precip_categorical,9760,0.03883196721311476,0.5770906443974362,0.05368551772779946,0.03852967311035986,0.9718793868142507,0.7746224927801745,0.01161894210359438,0.9658695128169863,0.7699339238967922,0.011743140490408525,False
Tripura,bust_precip_categorical,4880,0.022950819672131147,0.6991475910834133,0.05134976770795844,0.022146975164606453,0.9490867314837008,0.6267480847775301,0.012066001904465008,0.9385364857981784,0.6287853347344908,0.012162393876491158,False
West Bengal,bust_precip_categorical,14640,0.019398907103825136,0.6533676845133212,0.03349785616861857,0.019321450613798592,0.9435213082619428,0.5373129928561159,0.01144624194740809,0.9441379224076698,0.5397076903567538,0.011456524329387317,False
Himachal Pradesh,bust_precip_categorical,7320,0.008743169398907104,0.5793631994211687,0.011061491097346604,0.008745837321151964,0.9396135525771776,0.4745037458363016,0.005895665978816818,0.9360550751102535,0.4739453621686301,0.005893117623920149,False
Rajasthan,bust_precip_categorical,41480,0.013958534233365478,0.5918480484428489,0.017507362991170915,0.013960789886568825,0.9315814769721353,0.43561236781787843,0.010132772447939706,0.9335369548755391,0.4388105671513092,0.010129292623177152,False
Bihar,bust_precip_categorical,14640,0.021994535519125682,0.5653423263424661,0.029755611737103945,0.021848853277005774,0.9274361681729726,0.6006004749574229,0.012507848717755187,0.9273140528492565,0.6143520070189402,0.012571877455530579,False
Goa,bust_precip_categorical,2440,0.028688524590163935,0.7089511754068717,0.06018687575123033,0.02755167398776622,0.9260819770946354,0.3743037234958588,0.021983111359228848,0.9229144062688366,0.3920865629899972,0.02155456322629314,False
Haryana,bust_precip_categorical,4880,0.023155737704918033,0.7034599969183417,0.06016393582614747,0.022272804047806117,0.9223227164632957,0.5563863244905363,0.014413864156032491,0.9245689855217749,0.5434565389266556,0.014518562842002723,False
Meghalaya,bust_precip_categorical,4880,0.02663934426229508,0.5975578947368421,0.04060997334094505,0.02668158924356279,0.9169376518218624,0.6815169932046519,0.010282548839041226,0.9031506072874494,0.6797294263063135,0.010230665391093314,False
Kerala,bust_precip_categorical,7320,0.009699453551912568,0.635859438601536,0.013100768066380532,0.00969325217995802,0.9153044907602603,0.1774571602299128,0.009307874341801648,0.9190573153363554,0.16562887564298606,0.00938605130152134,False
Madhya Pradesh,bust_precip_categorical,29280,0.04255464480874317,0.6258454678571342,0.06698490154878933,0.04087205674839149,0.9087859920383309,0.4888687985013135,0.028770953375784888,0.9113701334460758,0.49297994155612257,0.028657335960144706,False
Maharashtra,bust_precip_categorical,31720,0.032629255989911725,0.590020537501604,0.04163835400134432,0.031666740403447885,0.9055742038274219,0.45534585751475304,0.02179221477417905,0.9077841775435133,0.4556683888460097,0.02180542419562126,False
Jharkhand,bust_precip_categorical,9760,0.027151639344262294,0.6116345246256719,0.03926974140655076,0.02646080997458226,0.9039188450723816,0.5316417020529461,0.015981803128829252,0.9035895754468588,0.5232896385399622,0.01598983698887975,False
Uttar Pradesh,bust_precip_categorical,29280,0.030225409836065573,0.5749532771644565,0.03774566901091543,0.029470147732942625,0.9009497574073577,0.4716927401315849,0.020786126655172987,0.90161550682811,0.47156904691960383,0.020889421969436578,False
Manipur,bust_precip_categorical,4880,0.005327868852459016,0.6210421222782162,0.007991598099256623,0.005455570428378416,0.8854117143672149,0.15846839532264692,0.004703631185248548,0.8859782574244874,0.16375731578047814,0.004719718542600693,False
Andaman and Nicobar,bust_precip_categorical,21960,0.009426229508196722,0.6692999866085437,0.016929603189958824,0.009341337948956694,0.8788838276734998,0.12513035237923031,0.008715953766824738,0.8790134116655796,0.1273198962231402,0.00870526568827415,False
Gujarat,bust_precip_categorical,26840,0.03353204172876304,0.5350236871412661,0.03559149081133292,0.03293896506380957,0.8756731988349181,0.4042317668489357,0.024841452308105156,0.8781772680544847,0.40872638308155745,0.024802796947167666,False
Odisha,bust_precip_categorical,17080,0.03360655737704918,0.612981088916669,0.043916898395067364,0.03273137792609076,0.8708855633111557,0.2773926009686048,0.027443437468915782,0.8741855458747764,0.27404159953975316,0.027370565599588566,False
Sikkim,bust_precip_categorical,2440,0.004918032786885246,0.6110996705107083,0.010402344438568658,0.004895264116575593,0.8699546952224052,0.0445056489086695,0.004892381170151218,0.8556425041186161,0.0397157956997693,0.0048973069433564205,False
Punjab,bust_precip_categorical,4880,0.019877049180327868,0.6129990020497854,0.034388628575719435,0.019444809511280334,0.8549501994822729,0.27757386471645934,0.01673030320955279,0.8463178223562402,0.277408348045417,0.01674614758312082,False
Uttarakhand,bust_precip_categorical,9760,0.022028688524590164,0.5263388843544045,0.02212663010073645,0.021699837804520585,0.8545170368024169,0.3859608493598807,0.016108382726621514,0.8506292104718165,0.3759004883431081,0.016175535044288793,False
Lakshadweep,bust_precip_categorical,9760,0.011475409836065573,0.646569977493485,0.01934891126417148,0.011363040152044555,0.8536326921937929,0.06378819497342861,0.011037570786581866,0.8388614035477375,0.06222255064088035,0.01103833381366858,False
Chhattisgarh,bust_precip_categorical,12200,0.04860655737704918,0.5832782334205198,0.057932829382344155,0.046559068426316796,0.8530815488879697,0.32355177047658806,0.0374507032863761,0.8584300542020421,0.3312491124211824,0.03730295252041455,False
Karnataka,bust_precip_categorical,19520,0.015317622950819672,0.5121898446149775,0.019787867552688986,0.015167143724608069,0.8417497828027072,0.30730397211124566,0.01163710047850937,0.8359637130444875,0.30351971816862805,0.011670260561186063,False
Andhra Pradesh,bust_precip_categorical,31720,0.018316519546027744,0.5541348135358205,0.019684657855254205,0.018855243239847982,0.8213915794478581,0.16658551895448126,0.01658082019809691,0.8180737152202835,0.16539046511020203,0.016616278112019524,False
Tamil Nadu,bust_precip_categorical,19520,0.005276639344262295,0.5680696677068587,0.006428272457274359,0.005269191775722269,0.789987604696315,0.08983210835080047,0.0049823401622365905,0.7797446037427916,0.09940354440614403,0.004966648787192925,False
Tamil Nadu,bust_temp_hard,19520,0.025102459016393443,0.5530899653608158,0.0316813541170072,0.024651832159193747,0.9275629242763842,0.2574867850850051,0.021063736170663944,0.9290026488787843,0.2651894092647127,0.02092724451662718,False
Gujarat,bust_temp_hard,26840,0.03338301043219076,0.6535454712209815,0.05686289573291002,0.03225435732242704,0.9019347733167041,0.22030098071074153,0.028946918333530948,0.900951198804568,0.23418625316021718,0.028561656093684218,False
Kerala,bust_temp_hard,7320,0.007240437158469945,0.6870876617222855,0.017883458410456715,0.007153916595250414,0.8885813615958416,0.12494190825286192,0.006777488004357966,0.9315748888098434,0.14329511458201735,0.006685713275340086,False
Tripura,bust_temp_hard,4880,0.05,0.6901971739345677,0.1069444786358752,0.04657695268026296,0.88376426823576,0.2146719480569034,0.04246816005304004,0.8987574081670178,0.28639274206804083,0.040473732783619654,False
Andhra Pradesh,bust_temp_hard,31720,0.06696090794451451,0.6316529642500169,0.12528534594585533,0.06252458438110695,0.8386105517898408,0.25430008238219437,0.056780726442505466,0.8497262825510343,0.27663352454051326,0.05608969928763776,False
Mizoram,bust_temp_hard,4880,0.16045081967213115,0.6324097531414913,0.2554992813943234,0.13122211284045238,0.8223774303285805,0.37193259021718644,0.11317332450666466,0.8396188096389252,0.42384928556996465,0.10927266846806087,False
Manipur,bust_temp_hard,4880,0.14200819672131149,0.6667436933737386,0.2738846238501328,0.11823864511867276,0.8182703902789884,0.34426439039438256,0.10678888877814405,0.8272321977839053,0.371534481741941,0.10530133404579071,False
Karnataka,bust_temp_hard,19520,0.06634221311475409,0.6226406512332439,0.11839711063441721,0.062317172123302,0.8099987182950147,0.26266626432257006,0.05591712479198585,0.8278951967840855,0.27056555833165336,0.05565299362230415,False
Maharashtra,bust_temp_hard,31720,0.06459646910466582,0.6342142121178971,0.12162175337666462,0.06120164736254596,0.807501870315914,0.21064039276054786,0.05724158222334356,0.8275205462528143,0.23210418247548928,0.0561922344794127,False
West Bengal,bust_temp_hard,14640,0.05184426229508197,0.6661554039374206,0.11258507449344904,0.04854837413182969,0.805878861723103,0.17095070215803468,0.04653083580285986,0.8269423356577207,0.20584105749548307,0.04560986250696672,False
Odisha,bust_temp_hard,17080,0.04888758782201405,0.6231625760482729,0.09944530145758874,0.04615145766983702,0.7993706400679712,0.17041737344490324,0.04331808566214513,0.8120786681484677,0.17135475594612323,0.04329982624398077,False
Assam,bust_temp_hard,9760,0.05737704918032787,0.599083850931677,0.07204836048777988,0.05557893813039972,0.7987421389751554,0.16130570388072465,0.053919820404054415,0.816077251552795,0.19655904440076563,0.052064457897405644,False
Arunachal Pradesh,bust_temp_hard,24400,0.051352459016393445,0.5623238318845674,0.057562548025472816,0.05033316964354457,0.7962939664121786,0.17045355978010357,0.04698681873620704,0.7991573409974094,0.17095477622059477,0.04682093239417981,False
Uttarakhand,bust_temp_hard,9760,0.06854508196721311,0.5671831846703953,0.08964221134578912,0.06500976530913537,0.7872024418769265,0.23950650522634184,0.05916029464621858,0.7868250913903416,0.24617038317559106,0.05899601693174091,False
Sikkim,bust_temp_hard,2440,0.07295081967213114,0.6117883150041228,0.101443397396499,0.06799741981383567,0.7606423668027698,0.19963036130017117,0.06397269483515161,0.7682795378455975,0.2012303994827048,0.06371837809343245,False
Himachal Pradesh,bust_temp_hard,7320,0.08592896174863388,0.6341797193819666,0.14044824067348521,0.07734603324829867,0.7594438487121371,0.2336742798051349,0.07288249225535845,0.7618923837373556,0.22675803046878873,0.07294107516517584,False
Jharkhand,bust_temp_hard,9760,0.04825819672131147,0.6526495622176222,0.09734976682454141,0.04892635379914753,0.7541232592759191,0.12774015718124432,0.04605143249682054,0.7696640937080796,0.13838708741862582,0.04534812522028726,False
Punjab,bust_temp_hard,4880,0.09487704918032787,0.6899758003511859,0.18896209127833916,0.08291671660412168,0.751115242453685,0.2349169340200551,0.08002433385998063,0.7511039959003869,0.2424593449436303,0.0798644797665811,False
Uttar Pradesh,bust_temp_hard,29280,0.10235655737704918,0.6448472023368345,0.1674149738915797,0.09136021084474745,0.7493455928502664,0.2561422750033314,0.08523769311689461,0.7547973216402747,0.26635539289727944,0.08445259118591188,False
Rajasthan,bust_temp_hard,41480,0.09611861137897781,0.6729037275821961,0.16399259449634646,0.08478166285445483,0.7481726093092766,0.2318956808447323,0.08162601512072765,0.7565699731552934,0.23830642997227752,0.08096100843057492,False
Chhattisgarh,bust_temp_hard,12200,0.11704918032786885,0.6598175475165929,0.2374538112279625,0.10079816007807826,0.7195634937970733,0.23894837648031272,0.09775242649223725,0.7213958457501084,0.24199078044403344,0.09794270224536063,False
Madhya Pradesh,bust_temp_hard,29280,0.10754781420765028,0.6747247079439587,0.22921740858574072,0.09211447739752697,0.7121533358337834,0.2338712645588255,0.09063141874449356,0.7550072813263616,0.2538735328173969,0.0886337069627642,False
Meghalaya,bust_temp_hard,4880,0.09815573770491803,0.6162280920212193,0.12286432842943157,0.08905041444295693,0.7089886100093972,0.16141955232481844,0.08867625350096488,0.7454602033415256,0.1892994464849011,0.08597419610510677,False
Jammu and Kashmir,bust_temp_hard,24400,0.16237704918032786,0.5545254780973115,0.20294698170640077,0.13543730494063988,0.701993387963617,0.2844820319048083,0.1272136715052681,0.7136648957739686,0.2967796258022947,0.12616217884110092,False
Bihar,bust_temp_hard,14640,0.07049180327868852,0.5677999774414502,0.10705651107879538,0.066464189304587,0.673221071793154,0.1266233417297164,0.06556880358826454,0.6822459514239231,0.13474898875279875,0.06521722830458083,False
Haryana,bust_temp_hard,4880,0.11290983606557377,0.6410585512218907,0.1759785515458574,0.10227660710369998,0.6632050171070135,0.20951529906619634,0.09973946827520783,0.6793427519380333,0.2239971196905421,0.0982447794560174,False
Andaman and Nicobar,bust_temp_hard,21960,0.0,,,0.0,,,1.1061985416330114e-09,,,4.887572423756577e-10,False
Goa,bust_temp_hard,2440,0.0,,,0.0,,,1.9773819228147908e-08,,,1.504104759314445e-08,False
Lakshadweep,bust_temp_hard,9760,0.0,,,0.0,,,3.814627179395182e-09,,,7.474202492851008e-10,False
